{"index.html":"Start"
,"n10.html":"Plan lekcji nauczyciela - A.Cichoń (CI)"
,"n11.html":"Plan lekcji nauczyciela - D.Cichoń (DC)"
,"n12.html":"Plan lekcji nauczyciela - A.Ciszewska (AC)"
,"n13.html":"Plan lekcji nauczyciela - B.Drożyńska-Glibowska (BG)"
,"n14.html":"Plan lekcji nauczyciela - J.Dziubdziela (JD)"
,"n15.html":"Plan lekcji nauczyciela - A.Galas (Gl)"
,"n16.html":"Plan lekcji nauczyciela - M.Gamrat (GM)"
,"n17.html":"Plan lekcji nauczyciela - M.Gąsior (MG)"
,"n18.html":"Plan lekcji nauczyciela - P.Gielec (GP)"
,"n19.html":"Plan lekcji nauczyciela - A.Goździelska (GA)"
,"n1.html":"Plan lekcji nauczyciela - K.Adamska (Ad)"
,"n20.html":"Plan lekcji nauczyciela - A.Grzybowska (AG)"
,"n21.html":"Plan lekcji nauczyciela - G.Gumółka (GG)"
,"n22.html":"Plan lekcji nauczyciela - E.Gurgul (EG)"
,"n23.html":"Plan lekcji nauczyciela - M.Gurgul (ML)"
,"n24.html":"Plan lekcji nauczyciela - A.Hajduła (AH)"
,"n25.html":"Plan lekcji nauczyciela - U.Jurczyk (UJ)"
,"n26.html":"Plan lekcji nauczyciela - M.Kłeczek (KŁ)"
,"n27.html":"Plan lekcji nauczyciela - A.Kluczewska (Kl)"
,"n28.html":"Plan lekcji nauczyciela - B.Kowalik (BK)"
,"n29.html":"Plan lekcji nauczyciela - W.Kowalski (WK)"
,"n2.html":"Plan lekcji nauczyciela - B.Banasiewicz (BB)"
,"n30.html":"Plan lekcji nauczyciela - P.Krawczyk (PK)"
,"n31.html":"Plan lekcji nauczyciela - R.Krawczyk (KW)"
,"n32.html":"Plan lekcji nauczyciela - P.Kurdziel (KD)"
,"n33.html":"Plan lekcji nauczyciela - J.Kurek (Ku)"
,"n34.html":"Plan lekcji nauczyciela - T.Lis (TL)"
,"n35.html":"Plan lekcji nauczyciela - A.Majda (MJ)"
,"n36.html":"Plan lekcji nauczyciela - A.Mocny (AM)"
,"n37.html":"Plan lekcji nauczyciela - M.Murat (MM)"
,"n38.html":"Plan lekcji nauczyciela - W.Nadymus (WN)"
,"n39.html":"Plan lekcji nauczyciela - D.Natkaniec (DN)"
,"n3.html":"Plan lekcji nauczyciela - D.Barczyk (DB)"
,"n40.html":"Plan lekcji nauczyciela - A.Olejniczak (AO)"
,"n41.html":"Plan lekcji nauczyciela - E.Orlińska (OR)"
,"n42.html":"Plan lekcji nauczyciela - W.Panek (WP)"
,"n44.html":"Plan lekcji nauczyciela - A.Pęgiel (PĘ)"
,"n45.html":"Plan lekcji nauczyciela - A.Piątek (AP)"
,"n46.html":"Plan lekcji nauczyciela - M.Piątek (PM)"
,"n47.html":"Plan lekcji nauczyciela - K.Piszczek (KP)"
,"n49.html":"Plan lekcji nauczyciela - B.Rachucka (BR)"
,"n4.html":"Plan lekcji nauczyciela - B.Bernacka (BE)"
,"n50.html":"Plan lekcji nauczyciela - R.Rembelska (RR)"
,"n51.html":"Plan lekcji nauczyciela - D.Sioła (DS)"
,"n52.html":"Plan lekcji nauczyciela - K.Sokół (SO)"
,"n53.html":"Plan lekcji nauczyciela - K.Stanisławska (KS)"
,"n54.html":"Plan lekcji nauczyciela - M.Stawinoga (MS)"
,"n55.html":"Plan lekcji nauczyciela - T.Strojna (TS)"
,"n56.html":"Plan lekcji nauczyciela - Z.Świerczek (ZS)"
,"n58.html":"Plan lekcji nauczyciela - W.Synowiec (WS)"
,"n59.html":"Plan lekcji nauczyciela - M.Szarkowicz-Piasny (MP)"
,"n5.html":"Plan lekcji nauczyciela - M.Beszterdo (MB)"
,"n60.html":"Plan lekcji nauczyciela - B.Szyguła (BS)"
,"n61.html":"Plan lekcji nauczyciela - J.Tomsia (JT)"
,"n62.html":"Plan lekcji nauczyciela - T.Walczak (TW)"
,"n63.html":"Plan lekcji nauczyciela - D.Wąs (WĄ)"
,"n64.html":"Plan lekcji nauczyciela - A.Wdowik (WA)"
,"n65.html":"Plan lekcji nauczyciela - B.Wesołowska (BW)"
,"n66.html":"Plan lekcji nauczyciela - D.Winiarczyk-Wiśniewska (DW)"
,"n67.html":"Plan lekcji nauczyciela - M.Wiśniewska (Wi)"
,"n68.html":"Plan lekcji nauczyciela - M.Wójcik (MW)"
,"n6.html":"Plan lekcji nauczyciela - E.Bigaj (EB)"
,"n7.html":"Plan lekcji nauczyciela - A.Brodzińska (AB)"
,"n8.html":"Plan lekcji nauczyciela - A.Brodzińska-S (BA)"
,"n9.html":"Plan lekcji nauczyciela - M.Cichacka (MC)"
,"o10.html":"Plan lekcji oddziału - 4eP 4eP (posp)"
,"o11.html":"Plan lekcji oddziału - 3aER"
,"o12.html":"Plan lekcji oddziału - 3bHT"
,"o13.html":"Plan lekcji oddziału - 3cI"
,"o14.html":"Plan lekcji oddziału - 3dP"
,"o15.html":"Plan lekcji oddziału - 2aEH"
,"o16.html":"Plan lekcji oddziału - 2bRT"
,"o17.html":"Plan lekcji oddziału - 2cI"
,"o18.html":"Plan lekcji oddziału - 2dP"
,"o19.html":"Plan lekcji oddziału - 1aE"
,"o1.html":"Plan lekcji oddziału - 4aTE 4aTE (pogim)"
,"o20.html":"Plan lekcji oddziału - 1bHT"
,"o21.html":"Plan lekcji oddziału - 1cI"
,"o22.html":"Plan lekcji oddziału - 1dP"
,"o23.html":"Plan lekcji oddziału - 1eRP"
,"o24.html":"Plan lekcji oddziału - 1fR"
,"o2.html":"Plan lekcji oddziału - 4bTT 4bTT (pogim)"
,"o3.html":"Plan lekcji oddziału - 4cTI 4cTI (pogim)"
,"o4.html":"Plan lekcji oddziału - 4dIR 4dIR (pogim)"
,"o5.html":"Plan lekcji oddziału - 4eTH 4eTH (pogim)"
,"o6.html":"Plan lekcji oddziału - 4aEH 4aEH (posp)"
,"o7.html":"Plan lekcji oddziału - 4bT 4bT (posp)"
,"o8.html":"Plan lekcji oddziału - 4cI 4cI (posp)"
,"o9.html":"Plan lekcji oddziału - 4dRI 4dRI (posp)"
,"s10.html":"Plan lekcji sali - 39 matematyka"
,"s11.html":"Plan lekcji sali - 40 język polski"
,"s12.html":"Plan lekcji sali - 42 język polski"
,"s13.html":"Plan lekcji sali - 43 chemia, zawodowe"
,"s14.html":"Plan lekcji sali - 47 pracownia TI"
,"s15.html":"Plan lekcji sali - 48 informatyczna"
,"s16.html":"Plan lekcji sali - 51 pracownia TOR/TE"
,"s17.html":"Plan lekcji sali - 52 pracownia TE"
,"s18.html":"Plan lekcji sali - 53 pracownia TI"
,"s19.html":"Plan lekcji sali - 55 zawodowe- teoria"
,"s1.html":"Plan lekcji sali - 10 językowa"
,"s20.html":"Plan lekcji sali - 56 język polski"
,"s21.html":"Plan lekcji sali - 32 pracownia TOT, językowa"
,"s22.html":"Plan lekcji sali - 90 językowa"
,"s23.html":"Plan lekcji sali - 98 fizyka"
,"s24.html":"Plan lekcji sali - 97 mała sala, religia"
,"s25.html":"Plan lekcji sali - 101 historia"
,"s26.html":"Plan lekcji sali - 103 językowa"
,"s27.html":"Plan lekcji sali - GN1 nowa sala gimnastyczna"
,"s28.html":"Plan lekcji sali - 18 religia"
,"s29.html":"Plan lekcji sali - BOISKO boisko"
,"s2.html":"Plan lekcji sali - 15 geografia"
,"s30.html":"Plan lekcji sali - GS1 stara sala gimnastyczna"
,"s31.html":"Plan lekcji sali - GN2 nowa sala gimnastyczna"
,"s32.html":"Plan lekcji sali - 27 pracownia TOT"
,"s33.html":"Plan lekcji sali - 82 pracownia TI"
,"s34.html":"Plan lekcji sali - 83 pracownia TI"
,"s35.html":"Plan lekcji sali - 72 siłownia"
,"s36.html":"Plan lekcji sali - 54 pracownia TI"
,"s37.html":"Plan lekcji sali - 73 sala fitness"
,"s38.html":"Plan lekcji sali - 71 edb/bhp/ez"
,"s39.html":"Plan lekcji sali - aula"
,"s3.html":"Plan lekcji sali - 14 biologia"
,"s40.html":"Plan lekcji sali - GS2 stara sala gimnastyczna"
,"s41.html":"Plan lekcji sali - aula 2"
,"s4.html":"Plan lekcji sali - 11 matematyka"
,"s5.html":"Plan lekcji sali - 12 językowa"
,"s6.html":"Plan lekcji sali - 13 matematyka"
,"s7.html":"Plan lekcji sali - 35 pracownia TH/ inf"
,"s8.html":"Plan lekcji sali - 37 historia"
,"s9.html":"Plan lekcji sali - 38 matematyka"
}
